churn_rate,node_count,duration,faulty_rate,object_count,chunk_n,chunk_k,fragment_n,fragment_k,cache_sec,targeted_count,data_lost,targeted,repair,alive_count
4,100000,315360000,0,100,100,100,3,1,4294967295,700,100,2083,12009.610000215722,3
4,100000,315360000,0,100,100,100,3,1,4294967295,0,0,0,11989.270000215278,3
4,100000,315360000,0,100,100,100,3,1,4294967295,600,100,1778,11994.060000215382,3
4,100000,315360000,0,100,100,100,3,1,4294967295,550,100,1633,12011.290000215758,3
4,100000,315360000,0,100,100,100,3,1,4294967295,850,100,2528,12018.460000215915,3
4,100000,315360000,0,100,100,100,3,1,4294967295,650,100,1939,12014.60000021583,3
4,100000,315360000,0,100,100,100,3,1,4294967295,550,99,1632,12008.260000215692,3
4,100000,315360000,0,100,100,100,3,1,4294967295,750,100,2216,11994.200000215385,3
4,100000,315360000,0,100,100,100,3,1,4294967295,650,100,1930,12009.96000021573,3
4,100000,315360000,0,100,100,100,3,1,4294967295,250,93,746,12007.450000215675,3
4,100000,315360000,0,100,100,100,3,1,4294967295,50,38,150,11982.160000215123,3
4,100000,315360000,0,100,100,100,3,1,4294967295,550,98,1637,12011.460000215762,3
4,100000,315360000,0,100,100,100,3,1,4294967295,500,99,1489,11995.390000215411,3
4,100000,315360000,0,100,100,100,3,1,4294967295,550,99,1641,12001.160000215537,3
4,100000,315360000,0,100,100,100,3,1,4294967295,550,100,1641,12009.440000215718,3
4,100000,315360000,0,100,100,100,3,1,4294967295,500,99,1489,12004.890000215619,3
4,100000,315360000,0,100,100,100,3,1,4294967295,500,97,1488,11990.72000021531,3
4,100000,315360000,0,100,100,100,3,1,4294967295,750,100,2218,12002.320000215563,3
4,100000,315360000,0,100,100,100,3,1,4294967295,700,100,2090,11997.670000215461,3
4,100000,315360000,0,100,100,100,3,1,4294967295,550,100,1639,11978.300000215038,3
4,100000,315360000,0,100,100,100,3,1,4294967295,500,99,1492,12012.25000021578,3
4,100000,315360000,0,100,100,100,3,1,4294967295,0,0,0,11986.920000215227,3
4,100000,315360000,0,100,100,100,3,1,4294967295,100,61,300,11999.790000215507,3
4,100000,315360000,0,100,100,100,3,1,4294967295,650,100,1927,12013.440000215805,3
4,100000,315360000,0,100,100,100,3,1,4294967295,700,100,2081,12015.05000021584,3
4,100000,315360000,0,100,100,100,3,1,4294967295,600,100,1789,12012.620000215788,3
4,100000,315360000,0,100,100,100,3,1,4294967295,600,100,1785,12004.710000215615,3
4,100000,315360000,0,100,100,100,3,1,4294967295,650,100,1935,11998.830000215487,3
4,100000,315360000,0,100,100,100,3,1,4294967295,0,0,0,12021.220000215975,3
4,100000,315360000,0,100,100,100,3,1,4294967295,600,100,1786,11995.060000215404,3
4,100000,315360000,0,100,100,100,3,1,4294967295,700,100,2080,11989.100000215274,3
4,100000,315360000,0,100,100,100,3,1,4294967295,550,100,1639,12005.240000215626,3
4,100000,315360000,0,100,100,100,3,1,4294967295,550,100,1638,11983.040000215142,3
4,100000,315360000,0,100,100,100,3,1,4294967295,500,100,1492,12003.670000215592,3
4,100000,315360000,0,100,100,100,3,1,4294967295,600,100,1783,11972.43000021491,3
4,100000,315360000,0,100,100,100,3,1,4294967295,600,100,1780,12004.46000021561,3
4,100000,315360000,0,100,100,100,3,1,4294967295,50,38,150,11997.020000215447,3
4,100000,315360000,0,100,100,100,3,1,4294967295,500,100,1487,12003.670000215592,3
4,100000,315360000,0,100,100,100,3,1,4294967295,800,100,2366,11983.050000215142,3
4,100000,315360000,0,100,100,100,3,1,4294967295,550,100,1638,11974.490000214955,3
4,100000,315360000,0,100,100,100,3,1,4294967295,500,99,1492,12000.920000215532,3
4,100000,315360000,0,100,100,100,3,1,4294967295,800,100,2367,12025.300000216064,3
4,100000,315360000,0,100,100,100,3,1,4294967295,0,0,0,12011.310000215759,3
4,100000,315360000,0,100,100,100,3,1,4294967295,550,98,1638,12006.410000215652,3
4,100000,315360000,0,100,10,8,80,32,0,600,100,38024,803036.375,80
4,100000,315360000,0,100,10,8,80,32,0,500,97,33029,803055.125,79
4,100000,315360000,0,100,10,8,80,32,0,850,100,49384,802994,80
4,100000,315360000,0,100,10,8,80,32,0,650,99,40609,803004,80
4,100000,315360000,0,100,10,8,80,32,0,750,100,45102,802961.125,80
4,100000,315360000,0,100,10,8,80,32,0,900,100,51172,802936.625,80
4,100000,315360000,0,100,10,8,80,32,0,900,100,51170,802983.25,80
4,100000,315360000,0,100,10,8,80,32,0,850,100,49405,803007.5,79
4,100000,315360000,0,100,10,8,80,32,0,800,100,47075,802957.375,80
4,100000,315360000,0,100,10,8,80,32,0,550,98,35624,803017.625,79
4,100000,315360000,0,100,10,8,80,32,0,500,94,32819,803077.25,80
4,100000,315360000,0,100,10,8,80,32,0,850,100,49255,802971.875,80
4,100000,315360000,0,100,12,8,80,32,0,0,0,0,963837.375,80
4,100000,315360000,0,100,12,8,80,32,0,300,10,21392,963663.25,80
4,100000,315360000,0,100,12,8,80,32,0,550,80,35656,963711,80
4,100000,315360000,0,100,10,8,80,32,0,650,100,40584,803028,80
4,100000,315360000,0,100,12,8,80,32,0,500,59,32947,963688.625,80
4,100000,315360000,0,100,12,8,80,32,0,550,71,35665,963636.5,80
4,100000,315360000,0,100,10,8,80,32,0,750,100,45122,802989.875,76
4,100000,315360000,0,100,12,8,80,32,0,350,26,24402,963709.25,80
4,100000,315360000,0,100,12,8,80,32,0,600,82,38109,963642.375,80
4,100000,315360000,0,100,12,8,80,32,0,300,19,21327,963707.875,80
4,100000,315360000,0,100,12,8,80,32,0,650,94,40636,963652,79
4,100000,315360000,0,100,10,8,80,32,0,0,0,0,803134.5,80
4,100000,315360000,0,100,10,8,80,32,0,800,100,47307,802996.125,80
4,100000,315360000,0,100,10,8,80,32,0,600,99,38222,802981.5,80
4,100000,315360000,0,100,10,8,80,32,0,800,100,47346,802958.625,79
4,100000,315360000,0,100,10,8,80,32,0,750,100,45139,802942.125,80
4,100000,315360000,0,100,10,8,80,32,0,950,100,53273,802953.75,80
4,100000,315360000,0,100,10,8,80,32,0,850,100,49358,802969.25,80
4,100000,315360000,0,100,12,8,80,32,0,650,89,40638,963658.625,80
4,100000,315360000,0,100,10,8,80,32,0,900,100,51499,802971.125,80
4,100000,315360000,0,100,12,8,80,32,0,350,23,24486,963731.5,80
4,100000,315360000,0,100,10,8,80,32,0,600,98,38241,803051.375,80
4,100000,315360000,0,100,10,8,80,32,0,500,97,33058,803039.375,80
4,100000,315360000,0,100,10,8,80,32,0,800,100,47284,802991.375,80
4,100000,315360000,0,100,10,8,80,32,0,850,100,49511,802953,77
4,100000,315360000,0,100,10,8,80,32,0,900,100,51371,802950.125,80
4,100000,315360000,0,100,10,8,80,32,0,250,50,18185,803130.625,77
4,100000,315360000,0,100,10,8,80,32,0,750,100,45137,803049.625,80
4,100000,315360000,0,100,12,8,80,32,0,250,8,18225,963752.625,80
4,100000,315360000,0,100,10,8,80,32,0,500,94,33055,803064.375,80
4,100000,315360000,0,100,10,8,80,32,0,850,100,49478,802966.625,79
4,100000,315360000,0,100,10,8,80,32,0,950,100,53262,802932.75,80
4,100000,315360000,0,100,10,8,80,32,0,800,100,47251,802985.875,79
4,100000,315360000,0,100,12,8,80,32,0,750,96,45044,963649,80
4,100000,315360000,0,100,12,8,80,32,0,600,80,38169,963685.125,79
4,100000,315360000,0,100,12,8,80,32,0,100,0,0,963794.5,80
4,100000,315360000,0,100,12,8,80,32,0,300,15,21357,963754.75,80
4,100000,315360000,0,100,12,8,80,32,0,350,32,24405,963688.75,80
4,100000,315360000,0,100,14,8,80,32,0,0,0,0,1124443,80
4,100000,315360000,0,100,12,8,80,32,0,600,81,38265,963662.75,80
4,100000,315360000,0,100,100,100,3,1,4294967295,750,100,2228,11993.200000215364,3
4,100000,315360000,0,100,100,100,3,1,4294967295,250,92,749,11987.52000021524,3
4,100000,315360000,0,100,100,100,3,1,4294967295,850,100,2509,12001.29000021554,3
4,100000,315360000,0,100,100,100,3,1,4294967295,750,100,2219,11973.610000214936,3
4,100000,315360000,0,100,100,100,3,1,4294967295,600,100,1791,12021.150000215974,3
4,100000,315360000,0,100,100,100,3,1,4294967295,650,100,1932,11993.560000215371,3
4,100000,315360000,0,100,100,100,3,1,4294967295,50,41,150,11996.74000021544,3
4,100000,315360000,0,100,100,100,3,1,4294967295,650,100,1933,12008.800000215704,3
4,100000,315360000,0,100,100,100,3,1,4294967295,600,100,1780,12007.27000021567,3
4,100000,315360000,0,100,100,100,3,1,4294967295,650,100,1936,11999.530000215502,3
4,100000,315360000,0,100,100,100,3,1,4294967295,750,100,2222,12001.010000215534,3
4,100000,315360000,0,100,100,100,3,1,4294967295,700,100,2070,12000.190000215516,3
4,100000,315360000,0,100,100,100,3,1,4294967295,650,100,1933,11999.710000215506,3
4,100000,315360000,0,100,100,100,3,1,4294967295,0,0,0,12007.600000215678,3
4,100000,315360000,0,100,100,100,3,1,4294967295,0,0,0,11977.220000215015,3
4,100000,315360000,0,100,100,100,3,1,4294967295,750,100,2221,12011.150000215755,3
4,100000,315360000,0,100,100,100,3,1,4294967295,350,93,1045,11997.410000215456,3
4,100000,315360000,0,100,100,100,3,1,4294967295,650,100,1928,11985.6900002152,3
4,100000,315360000,0,100,100,100,3,1,4294967295,500,100,1489,11992.11000021534,3
4,100000,315360000,0,100,100,100,3,1,4294967295,600,100,1777,11990.170000215297,3
4,100000,315360000,0,100,100,100,3,1,4294967295,50,41,150,12006.430000215652,3
4,100000,315360000,0,100,100,100,3,1,4294967295,500,99,1484,12010.100000215733,3
4,100000,315360000,0,100,100,100,3,1,4294967295,600,100,1776,11985.610000215198,3
4,100000,315360000,0,100,100,100,3,1,4294967295,100,64,300,12009.620000215722,3
4,100000,315360000,0,100,100,100,3,1,4294967295,800,100,2362,12010.43000021574,3
4,100000,315360000,0,100,100,100,3,1,4294967295,800,100,2368,12004.210000215604,3
4,100000,315360000,0,100,100,100,3,1,4294967295,0,0,0,12003.280000215584,3
4,100000,315360000,0,100,10,8,80,32,0,900,100,51283,802971.75,80
4,100000,315360000,0,100,12,8,80,32,0,50,0,0,963706.5,80
4,100000,315360000,0,100,12,8,80,32,0,600,78,38107,963664.25,77
4,100000,315360000,0,100,10,8,80,32,0,950,100,53190,802893.625,80
4,100000,315360000,0,100,12,8,80,32,0,600,81,38224,963634.375,80
4,100000,315360000,0,100,100,100,3,1,4294967295,900,100,2672,12018.640000215919,3
4,100000,315360000,0,100,100,100,3,1,4294967295,700,99,2076,11977.93000021503,3
4,100000,315360000,0,100,100,100,3,1,4294967295,850,100,2514,12005.450000215631,3
4,100000,315360000,0,100,100,100,3,1,4294967295,100,58,300,11997.110000215449,3
4,100000,315360000,0,100,10,8,80,32,0,350,73,24462,803085.375,80
4,100000,315360000,0,100,10,8,80,32,0,500,94,32967,803023.5,79
4,100000,315360000,0,100,12,8,80,32,0,700,95,43001,963651.125,80
4,100000,315360000,0,100,12,8,80,32,0,700,93,42783,963624,78
4,100000,315360000,0,100,12,8,80,32,0,700,98,42907,963621.625,80
4,100000,315360000,0,100,10,8,80,32,0,950,100,53193,802948.75,80
4,100000,315360000,0,100,10,8,80,32,0,850,100,49555,802955.5,80
4,100000,315360000,0,100,10,8,80,32,0,950,100,53152,802961.75,79
4,100000,315360000,0,100,100,100,3,1,4294967295,650,100,1931,11991.730000215332,3
4,100000,315360000,0,100,10,8,80,32,0,300,57,21322,803130.125,80
4,100000,315360000,0,100,10,8,80,32,0,650,100,40568,803049.375,79
4,100000,315360000,0,100,10,8,80,32,0,500,94,33020,803021.375,80
4,100000,315360000,0,100,10,8,80,32,0,950,100,53237,802928.5,80
4,100000,315360000,0,100,10,8,80,32,0,500,97,32928,803122.375,79
4,100000,315360000,0,100,10,8,80,32,0,850,100,49235,802990,79
4,100000,315360000,0,100,100,100,3,1,4294967295,0,0,0,11993.800000215377,3
4,100000,315360000,0,100,10,8,80,32,0,900,100,51191,802988.5,80
4,100000,315360000,0,100,10,8,80,32,0,900,100,51255,802944,80
4,100000,315360000,0,100,10,8,80,32,0,850,100,49402,802934.125,80
4,100000,315360000,0,100,10,8,80,32,0,650,99,40568,803049.25,80
4,100000,315360000,0,100,10,8,80,32,0,750,100,45032,802979,78
4,100000,315360000,0,100,14,8,80,32,0,500,23,32880,1124355.75,80
4,100000,315360000,0,100,10,8,80,32,0,500,90,33051,803061.75,78
4,100000,315360000,0,100,12,8,80,32,0,0,0,0,963833.875,80
4,100000,315360000,0,100,10,8,80,32,0,950,100,53416,802897.25,79
4,100000,315360000,0,100,12,8,80,32,0,550,73,35602,963659.625,80
4,100000,315360000,0,100,10,8,80,32,0,600,98,38093,803038,80
4,100000,315360000,0,100,14,8,80,32,0,750,69,45128,1124273.375,80
4,100000,315360000,0,100,12,8,80,32,0,550,69,35571,963700.875,78
4,100000,315360000,0,100,12,8,80,32,0,650,87,40617,963691.5,80
4,100000,315360000,0,100,10,8,80,32,0,100,9,7688,803160.125,80
4,100000,315360000,0,100,12,8,80,32,0,350,27,24467,963741.125,80
4,100000,315360000,0,100,10,8,80,32,0,550,99,35615,802990.5,80
4,100000,315360000,0,100,10,8,80,32,0,0,0,0,803150.75,80
4,100000,315360000,0,100,10,8,80,32,0,150,12,11312,803104.875,80
4,100000,315360000,0,100,10,8,80,32,0,150,16,11299,803146.125,80
4,100000,315360000,0,100,12,8,80,32,0,650,86,40694,963687,80
4,100000,315360000,0,100,10,8,80,32,0,750,100,45133,803008.5,78
4,100000,315360000,0,100,10,8,80,32,0,800,100,47264,803004.25,79
4,100000,315360000,0,100,10,8,80,32,0,600,100,38188,803056.375,80
4,100000,315360000,0,100,12,8,80,32,0,0,0,0,963777,80
4,100000,315360000,0,100,10,8,80,32,0,250,50,18059,803120.75,80
4,100000,315360000,0,100,12,8,80,32,0,250,4,18094,963712.75,80
4,100000,315360000,0,100,10,8,80,32,0,750,100,45252,803024.25,80
4,100000,315360000,0,100,10,8,80,32,0,200,31,14818,803123.625,80
4,100000,315360000,0,100,12,8,80,32,0,500,60,32911,963728.625,80
4,100000,315360000,0,100,10,8,80,32,0,200,36,14795,803179.625,79
4,100000,315360000,0,100,10,8,80,32,0,850,100,49340,802976.125,78
4,100000,315360000,0,100,12,8,80,32,0,500,64,32918,963725.625,80
4,100000,315360000,0,100,12,8,80,32,0,600,78,38185,963631.375,80
4,100000,315360000,0,100,12,8,80,32,0,750,97,44978,963605.375,80
4,100000,315360000,0,100,12,8,80,32,0,350,26,24444,963671.25,78
4,100000,315360000,0,100,10,8,80,32,0,950,100,53274,802952.125,77
4,100000,315360000,0,100,12,8,80,32,0,100,0,0,963832.875,80
4,100000,315360000,0,100,10,8,80,32,0,300,61,21409,803029.625,80
4,100000,315360000,0,100,14,8,80,32,0,0,0,0,1124441.375,80
4,100000,315360000,0,100,10,8,80,32,0,50,1,3916,803171.5,80
4,100000,315360000,0,100,12,8,80,32,0,250,10,18119,963763.125,80
4,100000,315360000,0,100,10,8,80,32,0,800,100,47304,803004.375,77
4,100000,315360000,0,100,12,8,80,32,0,300,17,21353,963691.75,80
4,100000,315360000,0,100,100,100,3,1,4294967295,750,100,2225,11994.720000215397,3
4,100000,315360000,0,100,100,100,3,1,4294967295,750,100,2218,11991.970000215337,3
4,100000,315360000,0,100,100,100,3,1,4294967295,850,100,2524,12016.550000215873,3
4,100000,315360000,0,100,100,100,3,1,4294967295,850,100,2518,12001.130000215537,3
4,100000,315360000,0,100,100,100,3,1,4294967295,250,88,748,12007.370000215673,3
4,100000,315360000,0,100,100,100,3,1,4294967295,0,0,0,11992.790000215355,3
4,100000,315360000,0,100,100,100,3,1,4294967295,950,100,2806,11999.160000215494,3
4,100000,315360000,0,100,100,100,3,1,4294967295,100,61,299,11987.420000215237,3
4,100000,315360000,0,100,100,100,3,1,4294967295,50,38,150,11987.420000215237,3
4,100000,315360000,0,100,100,100,3,1,4294967295,700,100,2080,11990.470000215304,3
4,100000,315360000,0,100,100,100,3,1,4294967295,500,99,1492,12010.580000215743,3
4,100000,315360000,0,100,100,100,3,1,4294967295,950,100,2806,11997.750000215463,3
4,100000,315360000,0,100,100,100,3,1,4294967295,350,98,1046,12006.490000215654,3
4,100000,315360000,0,100,100,100,3,1,4294967295,800,100,2374,12001.100000215536,3
4,100000,315360000,0,100,100,100,3,1,4294967295,100,59,299,12013.350000215803,3
4,100000,315360000,0,100,100,100,3,1,4294967295,900,100,2665,11990.650000215308,3
4,100000,315360000,0,100,100,100,3,1,4294967295,700,100,2076,11995.180000215407,3
4,100000,315360000,0,100,12,8,80,32,0,250,10,18208,963771.5,80
4,100000,315360000,0,100,10,8,80,32,0,900,100,51381,802993.75,80
4,100000,315360000,0,100,10,8,80,32,0,950,100,53230,802936.625,78
4,100000,315360000,0,100,100,100,3,1,4294967295,100,63,300,12022.970000216013,3
4,100000,315360000,0,100,100,100,3,1,4294967295,850,100,2519,11972.300000214907,3
4,100000,315360000,0,100,10,8,80,32,0,700,100,42930,803029.375,80
4,100000,315360000,0,100,12,8,80,32,0,300,15,21311,963731.375,80
4,100000,315360000,0,100,100,100,3,1,4294967295,0,0,0,12001.050000215535,3
4,100000,315360000,0,100,10,8,80,32,0,50,1,3914,803120.625,80
4,100000,315360000,0,100,12,8,80,32,0,700,91,42911,963640.25,80
4,100000,315360000,0,100,12,8,80,32,0,250,7,18183,963756.625,80
4,100000,315360000,0,100,12,8,80,32,0,650,86,40561,963645.25,78
4,100000,315360000,0,100,14,8,80,32,0,250,0,0,1124424.125,80
4,100000,315360000,0,100,10,8,80,32,0,900,100,51298,802963.5,80
4,100000,315360000,0,100,10,8,80,32,0,700,100,42960,802994.375,79
4,100000,315360000,0,100,12,8,80,32,0,50,0,0,963742.75,80
4,100000,315360000,0,100,100,100,3,1,4294967295,900,100,2661,11979.930000215074,3
4,100000,315360000,0,100,10,8,80,32,0,200,30,14777,803115.75,79
4,100000,315360000,0,100,14,8,80,32,0,600,39,38024,1124318.625,80
4,100000,315360000,0,100,12,8,80,32,0,600,74,38095,963643.5,80
4,100000,315360000,0,100,10,8,80,32,0,350,76,24392,803072.125,80
4,100000,315360000,0,100,10,8,80,32,0,550,97,35676,803016.75,78
4,100000,315360000,0,100,100,100,3,1,4294967295,50,38,150,11997.330000215454,3
4,100000,315360000,0,100,100,100,3,1,4294967295,950,100,2817,12008.050000215688,3
4,100000,315360000,0,100,10,8,80,32,0,950,100,53431,802971,79
4,100000,315360000,0,100,10,8,80,32,0,900,100,51428,802916.625,78
4,100000,315360000,0,100,12,8,80,32,0,0,0,0,963794,80
4,100000,315360000,0,100,10,8,80,32,0,100,7,7695,803126.375,80
4,100000,315360000,0,100,10,8,80,32,0,650,100,40684,802979.75,80
4,100000,315360000,0,100,10,8,80,32,0,500,96,32984,803037,80
4,100000,315360000,0,100,10,8,80,32,0,300,58,21293,803093.125,80
4,100000,315360000,0,100,12,8,80,32,0,700,92,42803,963624.125,80
4,100000,315360000,0,100,100,100,3,1,4294967295,50,37,150,12020.420000215958,3
4,100000,315360000,0,100,10,8,80,32,0,200,31,14842,803147.125,80
4,100000,315360000,0,100,100,100,3,1,4294967295,300,98,892,12001.360000215542,3
4,100000,315360000,0,100,100,100,3,1,4294967295,300,96,900,12005.540000215633,3
4,100000,315360000,0,100,10,8,80,32,0,650,99,40652,803057.375,79
4,100000,315360000,0,100,12,8,80,32,0,600,77,38201,963659.375,80
4,100000,315360000,0,100,100,100,3,1,4294967295,150,81,449,12019.920000215947,3
4,100000,315360000,0,100,10,8,80,32,0,550,95,35668,803045.25,80
4,100000,315360000,0,100,10,8,80,32,0,750,100,45213,803013.125,80
4,100000,315360000,0,100,14,8,80,32,0,100,0,0,1124372.25,80
4,100000,315360000,0,100,10,8,80,32,0,500,97,33027,803045.125,74
4,100000,315360000,0,100,100,100,3,1,4294967295,150,72,448,11992.14000021534,3
4,100000,315360000,0,100,10,8,80,32,0,350,74,24461,803108,80
4,100000,315360000,0,100,10,8,80,32,0,50,0,0,803165.625,80
4,100000,315360000,0,100,12,8,80,32,0,0,0,0,963792.5,80
4,100000,315360000,0,100,10,8,80,32,0,250,51,18059,803069,80
4,100000,315360000,0,100,10,8,80,32,0,650,100,40675,803005.75,80
4,100000,315360000,0,100,12,8,80,32,0,550,65,35725,963714.5,80
4,100000,315360000,0,100,10,8,80,32,0,100,9,7696,803124.875,79
4,100000,315360000,0,100,10,8,80,32,0,150,21,11344,803144,80
4,100000,315360000,0,100,10,8,80,32,0,250,51,18075,803121.875,80
4,100000,315360000,0,100,12,8,80,32,0,350,25,24428,963694.75,80
4,100000,315360000,0,100,10,8,80,32,0,0,0,0,803174.5,80
4,100000,315360000,0,100,12,8,80,32,0,650,91,40636,963643.375,79
4,100000,315360000,0,100,10,8,80,32,0,800,100,47177,802964.75,80
4,100000,315360000,0,100,10,8,80,32,0,200,34,14849,803093.875,80
4,100000,315360000,0,100,12,8,80,32,0,0,0,0,963792.75,80
4,100000,315360000,0,100,14,8,80,32,0,750,71,45157,1124166.5,80
4,100000,315360000,0,100,10,8,80,32,0,200,29,14827,803117.125,80
4,100000,315360000,0,100,100,100,3,1,4294967295,750,100,2228,12022.360000216,3
4,100000,315360000,0,100,10,8,80,32,0,200,33,14844,803047.125,78
4,100000,315360000,0,100,10,8,80,32,0,550,99,35612,803037.25,80
4,100000,315360000,0,100,12,8,80,32,0,650,88,40562,963631,80
4,100000,315360000,0,100,12,8,80,32,0,250,11,18189,963776.125,80
4,100000,315360000,0,100,10,8,80,32,0,750,100,45247,802976.25,78
4,100000,315360000,0,100,14,8,80,32,0,500,21,32933,1124316.875,80
4,100000,315360000,0,100,10,8,80,32,0,50,2,3914,803135.125,80
4,100000,315360000,0,100,12,8,80,32,0,250,9,18178,963696.875,78
4,100000,315360000,0,100,10,8,80,32,0,300,63,21327,803099.625,80
4,100000,315360000,0,100,12,8,80,32,0,0,0,0,963815.375,80
4,100000,315360000,0,100,12,8,80,32,0,750,99,45273,963658,80
4,100000,315360000,0,100,100,100,3,1,4294967295,850,100,2526,12012.910000215794,3
4,100000,315360000,0,100,100,100,3,1,4294967295,750,100,2208,12007.610000215678,3
4,100000,315360000,0,100,12,8,80,32,0,500,59,33013,963632.875,80
4,100000,315360000,0,100,12,8,80,32,0,100,1,7694,963780.625,80
4,100000,315360000,0,100,100,100,3,1,4294967295,50,37,150,11993.51000021537,3
4,100000,315360000,0,100,14,8,80,32,0,0,0,0,1124398.25,80
4,100000,315360000,0,100,12,8,80,32,0,500,57,33008,963645,80
4,100000,315360000,0,100,100,100,3,1,4294967295,950,100,2818,11998.670000215483,3
4,100000,315360000,0,100,12,8,80,32,0,300,15,21406,963758.875,80
4,100000,315360000,0,100,12,8,80,32,0,350,26,24401,963759.625,80
4,100000,315360000,0,100,12,8,80,32,0,250,13,18053,963752.375,80
4,100000,315360000,0,100,100,100,3,1,4294967295,250,91,747,11985.590000215198,3
4,100000,315360000,0,100,100,100,3,1,4294967295,350,99,1044,11998.650000215483,3
4,100000,315360000,0,100,100,100,3,1,4294967295,800,100,2375,11986.840000215225,3
4,100000,315360000,0,100,100,100,3,1,4294967295,100,67,300,12003.09000021558,3
4,100000,315360000,0,100,100,100,3,1,4294967295,900,100,2668,11996.760000215441,3
4,100000,315360000,0,100,100,100,3,1,4294967295,700,100,2074,11980.070000215077,3
4,100000,315360000,0,100,100,100,3,1,4294967295,100,66,300,11998.460000215478,3
4,100000,315360000,0,100,10,8,80,32,0,400,83,27457,803045.25,80
4,100000,315360000,0,100,14,8,80,32,0,350,1,24449,1124366.25,80
4,100000,315360000,0,100,100,100,3,1,4294967295,850,100,2527,12006.180000215647,3
4,100000,315360000,0,100,12,8,80,32,0,550,71,35659,963699.75,80
4,100000,315360000,0,100,10,8,80,32,0,50,2,3914,803186.75,76
4,100000,315360000,0,100,12,8,80,32,0,250,11,18084,963787.5,80
4,100000,315360000,0,100,100,100,3,1,4294967295,900,100,2673,12006.480000215653,3
4,100000,315360000,0,100,14,8,80,32,0,400,5,27449,1124339.5,78
4,100000,315360000,0,100,10,8,80,32,0,100,9,7691,803106.75,80
4,100000,315360000,0,100,10,8,80,32,0,100,9,7689,803119.125,80
4,100000,315360000,0,100,10,8,80,32,0,250,50,18146,803095.125,80
4,100000,315360000,0,100,100,100,3,1,4294967295,300,92,894,11995.80000021542,3
4,100000,315360000,0,100,10,8,80,32,0,50,3,3933,803189,80
4,100000,315360000,0,100,100,100,3,1,4294967295,950,100,2818,12012.850000215793,3
4,100000,315360000,0,100,12,8,80,32,0,250,10,18106,963730.875,80
4,100000,315360000,0,100,100,100,3,1,4294967295,950,100,2803,12001.650000215548,3
4,100000,315360000,0,100,12,8,80,32,0,300,11,21338,963727.75,80
4,100000,315360000,0,100,12,8,80,32,0,50,0,0,963768.875,80
4,100000,315360000,0,100,10,8,80,32,0,200,31,14798,803161.875,80
4,100000,315360000,0,100,100,100,3,1,4294967295,950,100,2805,11977.300000215017,3
4,100000,315360000,0,100,10,8,80,32,0,50,1,3932,803113,80
4,100000,315360000,0,100,10,8,80,32,0,700,100,42919,802997.25,80
4,100000,315360000,0,100,100,100,3,1,4294967295,150,77,447,12005.960000215642,3
4,100000,315360000,0,100,12,8,80,32,0,50,0,0,963779,80
4,100000,315360000,0,100,10,8,80,32,0,100,7,7670,803103.625,80
4,100000,315360000,0,100,100,100,3,1,4294967295,950,100,2802,11976.590000215001,3
4,100000,315360000,0,100,10,8,80,32,0,700,100,42745,803007.25,79
4,100000,315360000,0,100,100,100,3,1,4294967295,300,94,899,12007.26000021567,3
4,100000,315360000,0,100,100,100,3,1,4294967295,850,100,2515,11995.050000215404,3
4,100000,315360000,0,100,100,100,3,1,4294967295,150,79,449,11993.860000215378,3
4,100000,315360000,0,100,14,8,80,32,0,300,3,21367,1124309,80
4,100000,315360000,0,100,14,8,80,32,0,250,1,18191,1124371.625,80
4,100000,315360000,0,100,100,100,3,1,4294967295,300,96,896,11990.200000215298,3
4,100000,315360000,0,100,10,8,80,32,0,350,75,24421,803075.875,79
4,100000,315360000,0,100,14,8,80,32,0,550,25,35501,1124263.25,80
4,100000,315360000,0,100,10,8,80,32,0,150,16,11337,803116,79
4,100000,315360000,0,100,12,8,80,32,0,600,82,38172,963700.625,79
4,100000,315360000,0,100,100,100,3,1,4294967295,800,100,2373,11992.360000215345,3
4,100000,315360000,0,100,100,100,3,1,4294967295,800,100,2373,12002.970000215577,3
4,100000,315360000,0,100,10,8,80,32,0,100,5,7676,803157.75,80
4,100000,315360000,0,100,10,8,80,32,0,350,72,24502,803164.125,80
4,100000,315360000,0,100,10,8,80,32,0,200,35,14753,803081.75,80
4,100000,315360000,0,100,10,8,80,32,0,250,41,18161,803131.5,80
4,100000,315360000,0,100,100,100,3,1,4294967295,700,100,2083,12018.160000215908,3
4,100000,315360000,0,100,10,8,80,32,0,300,63,21418,803102.25,77
4,100000,315360000,0,100,12,8,80,32,0,700,96,42965,963686.375,80
4,100000,315360000,0,100,14,8,80,32,0,600,39,38162,1124263.75,80
4,100000,315360000,0,100,12,8,80,32,0,850,99,49284,963602.75,80
4,100000,315360000,0,100,10,8,80,32,0,650,99,40426,802978.25,78
4,100000,315360000,0,100,100,100,3,1,4294967295,50,37,150,12014.670000215832,3
4,100000,315360000,0,100,10,8,80,32,0,400,83,27341,803078.125,80
4,100000,315360000,0,100,10,8,80,32,0,350,75,24408,803087.375,80
4,100000,315360000,0,100,100,100,3,1,4294967295,50,41,150,11995.930000215423,3
4,100000,315360000,0,100,10,8,80,32,0,0,0,0,803160.625,80
4,100000,315360000,0,100,10,8,80,32,0,250,48,18145,803080.125,80
4,100000,315360000,0,100,14,8,80,32,0,100,0,0,1124377.75,80
4,100000,315360000,0,100,10,8,80,32,0,450,92,30302,803033.375,80
4,100000,315360000,0,100,10,8,80,32,0,350,72,24401,803125.875,80
4,100000,315360000,0,100,10,8,80,32,0,50,4,3915,803159.375,80
4,100000,315360000,0,100,10,8,80,32,0,100,8,7689,803161.875,80
4,100000,315360000,0,100,12,8,80,32,0,350,25,24503,963701.75,80
4,100000,315360000,0,100,10,8,80,32,0,350,77,24484,803102.75,80
4,100000,315360000,0,100,12,8,80,32,0,500,58,32828,963685.875,80
4,100000,315360000,0,100,10,8,80,32,0,200,35,14764,803179.5,80
4,100000,315360000,0,100,100,100,3,1,4294967295,350,98,1043,12017.250000215889,3
4,100000,315360000,0,100,12,8,80,32,0,0,0,0,963785.375,80
4,100000,315360000,0,100,10,8,80,32,0,750,100,44982,802919.75,76
4,100000,315360000,0,100,10,8,80,32,0,550,100,35633,803018.375,80
4,100000,315360000,0,100,14,8,80,32,0,150,0,0,1124424.875,80
4,100000,315360000,0,100,100,100,3,1,4294967295,250,92,746,11993.160000215363,3
4,100000,315360000,0,100,14,8,80,32,0,50,0,0,1124393.5,80
4,100000,315360000,0,100,10,8,80,32,0,450,89,30287,803094.875,80
4,100000,315360000,0,100,100,100,3,1,4294967295,100,63,299,12010.500000215741,3
4,100000,315360000,0,100,12,8,80,32,0,50,0,0,963767,80
4,100000,315360000,0,100,14,8,80,32,0,750,68,45178,1124273.5,80
4,100000,315360000,0,100,12,8,80,32,0,0,0,0,963764.625,80
4,100000,315360000,0,100,14,8,80,32,0,150,0,0,1124373.25,80
4,100000,315360000,0,100,14,8,80,32,0,0,0,0,1124371,80
4,100000,315360000,0,100,12,8,80,32,0,650,89,40484,963658.75,80
4,100000,315360000,0,100,12,8,80,32,0,650,86,40528,963685.375,80
4,100000,315360000,0,100,14,8,80,32,0,100,0,0,1124410.75,80
4,100000,315360000,0,100,14,8,80,32,0,200,0,0,1124365.875,80
4,100000,315360000,0,100,100,100,3,1,4294967295,850,100,2522,12004.360000215607,3
4,100000,315360000,0,100,100,100,3,1,4294967295,100,63,300,11988.750000215266,3
4,100000,315360000,0,100,14,8,80,32,0,500,16,32988,1124315.625,80
4,100000,315360000,0,100,12,8,80,32,0,750,97,45086,963664,78
4,100000,315360000,0,100,12,8,80,32,0,300,13,21362,963699.875,79
4,100000,315360000,0,100,14,8,80,32,0,0,0,0,1124431,80
4,100000,315360000,0,100,14,8,80,32,0,100,0,0,1124456.125,80
4,100000,315360000,0,100,12,8,80,32,0,500,60,32998,963609.375,79
4,100000,315360000,0,100,12,8,80,32,0,350,29,24420,963746.375,80
4,100000,315360000,0,100,12,8,80,32,0,100,0,0,963762.5,80
4,100000,315360000,0,100,12,8,80,32,0,650,86,40624,963622.375,80
4,100000,315360000,0,100,14,8,80,32,0,650,52,40602,1124274.125,80
4,100000,315360000,0,100,100,100,3,1,4294967295,900,100,2674,12000.870000215531,3
4,100000,315360000,0,100,100,100,3,1,4294967295,200,87,598,12006.210000215648,3
4,100000,315360000,0,100,12,8,80,32,0,500,61,32858,963678.625,80
4,100000,315360000,0,100,10,8,80,32,0,400,82,27378,803050.5,80
4,100000,315360000,0,100,100,100,3,1,4294967295,800,100,2367,12012.950000215795,3
4,100000,315360000,0,100,100,100,3,1,4294967295,300,94,896,12010.120000215733,3
4,100000,315360000,0,100,100,100,3,1,4294967295,950,100,2810,11994.39000021539,3
4,100000,315360000,0,100,100,100,3,1,4294967295,800,100,2372,11998.130000215471,3
4,100000,315360000,0,100,12,8,80,32,0,550,74,35711,963722.75,79
4,100000,315360000,0,100,100,100,3,1,4294967295,950,100,2818,12006.220000215648,3
4,100000,315360000,0,100,14,8,80,32,0,200,0,0,1124407.5,78
4,100000,315360000,0,100,14,8,80,32,0,850,84,49370,1124221.375,80
4,100000,315360000,0,100,100,100,3,1,4294967295,200,89,595,11991.070000215317,3
4,100000,315360000,0,100,14,8,80,32,0,350,6,24467,1124292.375,80
4,100000,315360000,0,100,10,8,80,32,0,0,0,0,803207.5,80
4,100000,315360000,0,100,100,100,3,1,4294967295,150,76,449,11996.830000215443,3
4,100000,315360000,0,100,14,8,80,32,0,100,0,0,1124331.5,80
4,100000,315360000,0,100,100,100,3,1,4294967295,150,80,450,12001.850000215552,3
4,100000,315360000,0,100,100,100,3,1,4294967295,900,100,2669,11993.810000215377,3
4,100000,315360000,0,100,100,100,3,1,4294967295,350,97,1045,12012.860000215793,3
4,100000,315360000,0,100,12,8,80,32,0,300,15,21312,963740.875,80
4,100000,315360000,0,100,14,8,80,32,0,400,7,27382,1124360.25,80
4,100000,315360000,0,100,100,100,3,1,4294967295,900,100,2656,12003.360000215585,3
4,100000,315360000,0,100,100,100,3,1,4294967295,300,98,897,12000.33000021552,3
4,100000,315360000,0,100,10,8,80,32,0,800,100,47205,802982.625,80
4,100000,315360000,0,100,10,8,80,32,0,100,5,7704,803171.25,80
4,100000,315360000,0,100,12,8,80,32,0,50,0,0,963782.75,80
4,100000,315360000,0,100,10,8,80,32,0,700,100,42924,802968.5,80
4,100000,315360000,0,100,14,8,80,32,0,900,94,51360,1124256.375,80
4,100000,315360000,0,100,14,8,80,32,0,200,0,0,1124274.625,80
4,100000,315360000,0,100,12,8,80,32,0,0,0,0,963768.5,80
4,100000,315360000,0,100,10,8,80,32,0,150,19,11258,803136.25,80
4,100000,315360000,0,100,12,8,80,32,0,50,0,0,963807.75,80
4,100000,315360000,0,100,14,8,80,32,0,200,1,14869,1124381,80
4,100000,315360000,0,100,12,8,80,32,0,150,0,0,963776.125,80
4,100000,315360000,0,100,10,8,80,32,0,450,96,30197,803077.625,80
4,100000,315360000,0,100,12,8,80,32,0,600,82,38155,963703.75,77
4,100000,315360000,0,100,10,8,80,32,0,350,71,24525,803082.75,80
4,100000,315360000,0,100,10,8,80,32,0,250,49,18163,803107.125,80
4,100000,315360000,0,100,12,8,80,32,0,300,16,21319,963685.75,80
4,100000,315360000,0,100,14,8,80,32,0,550,27,35509,1124342.125,80
4,100000,315360000,0,100,12,8,80,32,0,700,93,42837,963648,80
4,100000,315360000,0,100,10,8,80,32,0,700,100,42864,803045.375,79
4,100000,315360000,0,100,14,8,80,32,0,250,0,0,1124376.625,80
4,100000,315360000,0,100,14,8,80,32,0,450,11,30215,1124329.75,80
4,100000,315360000,0,100,14,8,80,32,0,300,1,21330,1124335.25,78
4,100000,315360000,0,100,10,8,80,32,0,300,62,21395,803122.375,80
4,100000,315360000,0,100,12,8,80,32,0,150,1,11336,963819.25,80
4,100000,315360000,0,100,100,100,3,1,4294967295,350,94,1046,12004.240000215605,3
4,100000,315360000,0,100,10,8,80,32,0,650,100,40471,803021.25,80
4,100000,315360000,0,100,100,100,3,1,4294967295,250,92,744,11986.010000215207,3
4,100000,315360000,0,100,100,100,3,1,4294967295,150,79,449,12013.050000215797,3
4,100000,315360000,0,100,10,8,80,32,0,0,0,0,803129.875,80
4,100000,315360000,0,100,100,100,3,1,4294967295,200,86,600,12002.050000215557,3
4,100000,315360000,0,100,10,8,80,32,0,450,94,30261,803080.25,80
4,100000,315360000,0,100,10,8,80,32,0,450,96,30036,803070.25,79
4,100000,315360000,0,100,10,8,80,32,0,400,84,27406,803102.25,79
4,100000,315360000,0,100,100,100,3,1,4294967295,900,100,2657,12001.420000215543,3
4,100000,315360000,0,100,10,8,80,32,0,250,44,18080,803107.875,80
4,100000,315360000,0,100,10,8,80,32,0,400,84,27446,803053.5,80
4,100000,315360000,0,100,14,8,80,32,0,800,74,47284,1124283.25,79
4,100000,315360000,0,100,100,100,3,1,4294967295,900,100,2662,12011.33000021576,3
4,100000,315360000,0,100,12,8,80,32,0,550,68,35573,963653.5,79
4,100000,315360000,0,100,12,8,80,32,0,850,99,49380,963609.375,78
4,100000,315360000,0,100,10,8,80,32,0,450,89,30300,803039.125,80
4,100000,315360000,0,100,12,8,80,32,0,700,93,42943,963747.125,80
4,100000,315360000,0,100,14,8,80,32,0,600,39,37985,1124262.875,80
4,100000,315360000,0,100,10,8,80,32,0,300,62,21363,803116.75,80
4,100000,315360000,0,100,10,8,80,32,0,0,0,0,803149,80
4,100000,315360000,0,100,100,100,3,1,4294967295,250,92,746,12008.750000215703,3
4,100000,315360000,0,100,10,8,80,32,0,800,100,47281,802978.875,76
4,100000,315360000,0,100,100,100,3,1,4294967295,200,88,598,12002.060000215557,3
4,100000,315360000,0,100,14,8,80,32,0,500,17,32915,1124243.25,80
4,100000,315360000,0,100,10,8,80,32,0,550,97,35606,803025.125,80
4,100000,315360000,0,100,12,8,80,32,0,50,0,0,963747.5,80
4,100000,315360000,0,100,14,8,80,32,0,150,0,0,1124359.625,80
4,100000,315360000,0,100,12,8,80,32,0,350,23,24531,963685.25,80
4,100000,315360000,0,100,14,8,80,32,0,950,93,53247,1124286.125,80
4,100000,315360000,0,100,10,8,80,32,0,100,5,7667,803148.625,80
4,100000,315360000,0,100,12,8,80,32,0,700,93,42810,963621,80
4,100000,315360000,0,100,14,8,80,32,0,50,0,0,1124381,80
4,100000,315360000,0,100,14,8,80,32,0,150,0,0,1124415.125,80
4,100000,315360000,0,100,14,8,80,32,0,0,0,0,1124451.625,80
4,100000,315360000,0,100,14,8,80,32,0,750,73,45145,1124286.625,79
4,100000,315360000,0,100,100,100,3,1,4294967295,300,92,894,12015.760000215856,3
4,100000,315360000,0,100,14,8,80,32,0,550,31,35582,1124265,80
4,100000,315360000,0,100,14,8,80,32,0,500,16,32980,1124306.375,80
4,100000,315360000,0,100,100,100,3,1,4294967295,200,90,596,12027.100000216104,3
4,100000,315360000,0,100,12,8,80,32,0,750,95,45313,963609.625,79
4,100000,315360000,0,100,14,8,80,32,0,0,0,0,1124493.75,80
4,100000,315360000,0,100,14,8,80,32,0,300,0,0,1124354.125,80
4,100000,315360000,0,100,14,8,80,32,0,450,14,30209,1124299.25,80
4,100000,315360000,0,100,14,8,80,32,0,200,0,0,1124406.25,80
4,100000,315360000,0,100,14,8,80,32,0,550,29,35583,1124313,76
4,100000,315360000,0,100,12,8,80,32,0,500,65,32948,963689.75,79
4,100000,315360000,0,100,14,8,80,32,0,300,3,21319,1124352,80
4,100000,315360000,0,100,100,100,3,1,4294967295,150,75,448,11998.350000215476,3
4,100000,315360000,0,100,14,8,80,32,0,650,51,40560,1124271,80
4,100000,315360000,0,100,10,8,80,32,0,550,98,35595,803055.625,80
4,100000,315360000,0,100,14,8,80,32,0,900,93,51403,1124212.125,79
4,100000,315360000,0,100,12,8,80,32,0,100,0,0,963776.875,79
4,100000,315360000,0,100,100,100,3,1,4294967295,350,96,1045,11992.210000215342,3
4,100000,315360000,0,100,12,8,80,32,0,500,61,33013,963683.375,80
4,100000,315360000,0,100,10,8,80,32,0,150,20,11303,803133.25,79
4,100000,315360000,0,100,100,100,3,1,4294967295,150,75,449,12009.710000215724,3
4,100000,315360000,0,100,14,8,80,32,0,400,10,27319,1124389.5,80
4,100000,315360000,0,100,14,8,80,32,0,350,4,24315,1124310.5,79
4,100000,315360000,0,100,14,8,80,32,0,550,28,35575,1124320.875,80
4,100000,315360000,0,100,14,8,80,32,0,550,31,35589,1124241.75,80
4,100000,315360000,0,100,10,8,80,32,0,0,0,0,803201.25,80
4,100000,315360000,0,100,12,8,80,32,0,900,100,51236,963592,80
4,100000,315360000,0,100,14,8,80,32,0,350,4,24502,1124353.375,80
4,100000,315360000,0,100,12,8,80,32,0,700,92,42857,963629.875,80
4,100000,315360000,0,100,14,8,80,32,0,850,89,49352,1124242.875,78
4,100000,315360000,0,100,14,8,80,32,0,0,0,0,1124427,80
4,100000,315360000,0,100,14,8,80,32,0,0,0,0,1124413.625,80
4,100000,315360000,0,100,100,100,3,1,4294967295,150,79,450,11995.210000215407,3
4,100000,315360000,0,100,14,8,80,32,0,900,92,51351,1124279.625,80
4,100000,315360000,0,100,10,8,80,32,0,600,98,38112,803042.25,80
4,100000,315360000,0,100,100,100,3,1,4294967295,350,98,1045,12005.010000215621,3
4,100000,315360000,0,100,14,8,80,32,0,150,0,0,1124365.875,80
4,100000,315360000,0,100,10,8,80,32,0,450,87,30248,803016.125,79
4,100000,315360000,0,100,12,8,80,32,0,100,0,0,963730.75,80
4,100000,315360000,0,100,14,8,80,32,0,400,8,27468,1124359.875,80
4,100000,315360000,0,100,10,8,80,32,0,150,16,11266,803108.75,80
4,100000,315360000,0,100,14,8,80,32,0,300,1,21314,1124259.375,80
4,100000,315360000,0,100,100,100,3,1,4294967295,400,98,1193,11997.390000215455,3
4,100000,315360000,0,100,14,8,80,32,0,600,40,38188,1124324.5,80
4,100000,315360000,0,100,14,8,80,32,0,900,91,51380,1124194.5,80
4,100000,315360000,0,100,12,8,80,32,0,50,0,0,963741.125,80
4,100000,315360000,0,100,12,8,80,32,0,150,5,11310,963754.875,80
4,100000,315360000,0,100,10,8,80,32,0,350,78,24432,803078.625,80
4,100000,315360000,0,100,14,8,80,32,0,950,97,53068,1124247.625,80
4,100000,315360000,0,100,10,8,80,32,0,150,17,11307,803107.625,80
4,100000,315360000,0,100,12,8,80,32,0,50,0,0,963795.75,80
4,100000,315360000,0,100,10,8,80,32,0,700,100,42867,802991.75,80
4,100000,315360000,0,100,12,8,80,32,0,400,34,27367,963717.875,80
4,100000,315360000,0,100,100,100,3,1,4294967295,200,81,599,12003.640000215591,3
4,100000,315360000,0,100,100,100,3,1,4294967295,200,92,596,12013.380000215804,3
4,100000,315360000,0,100,14,8,80,32,0,350,3,24356,1124387,80
4,100000,315360000,0,100,14,8,80,32,0,900,92,51316,1124218.5,80
4,100000,315360000,0,100,14,8,80,32,0,0,0,0,1124440.25,80
4,100000,315360000,0,100,12,8,80,32,0,150,2,11337,963775.5,80
4,100000,315360000,0,100,10,8,80,32,0,0,0,0,803187.75,80
4,100000,315360000,0,100,10,8,80,32,0,450,86,30284,803115.375,80
4,100000,315360000,0,100,10,8,80,32,0,650,99,40601,803016.625,80
4,100000,315360000,0,100,14,8,80,32,0,450,14,30316,1124335.75,80
4,100000,315360000,0,100,14,8,80,32,0,250,0,0,1124327.5,80
4,100000,315360000,0,100,10,8,80,32,0,550,97,35635,803009.875,80
4,100000,315360000,0,100,100,100,3,1,4294967295,250,92,748,11994.470000215391,3
4,100000,315360000,0,100,10,8,80,32,0,250,47,18108,803120.375,80
4,100000,315360000,0,100,14,8,80,32,0,500,22,33045,1124267.125,80
4,100000,315360000,0,100,12,8,80,32,0,900,100,51543,963561.5,80
4,100000,315360000,0,100,10,8,80,32,0,400,82,27432,803049.875,80
4,100000,315360000,0,100,14,8,80,32,0,300,4,21284,1124349.75,80
4,100000,315360000,0,100,10,8,80,32,0,300,62,21363,803098.625,78
4,100000,315360000,0,100,10,8,80,32,0,450,87,30225,803038.25,80
4,100000,315360000,0,100,14,8,80,32,0,50,0,0,1124412.875,80
4,100000,315360000,0,100,10,8,80,32,0,50,2,3920,803170.75,80
4,100000,315360000,0,100,14,8,80,32,0,550,29,35631,1124291.375,80
4,100000,315360000,0,100,12,8,80,32,0,850,97,49375,963644.625,80
4,100000,315360000,0,100,14,8,80,32,0,50,0,0,1124404.625,80
4,100000,315360000,0,100,14,8,80,32,0,800,79,47377,1124231.5,80
4,100000,315360000,0,100,100,100,3,1,4294967295,200,90,594,12002.860000215574,3
4,100000,315360000,0,100,12,8,80,32,0,850,100,49327,963586,80
4,100000,315360000,0,100,14,8,80,32,0,450,13,30201,1124395.375,80
4,100000,315360000,0,100,100,100,3,1,4294967295,250,92,746,11993.770000215376,3
4,100000,315360000,0,100,10,8,80,32,0,150,15,11306,803104.5,80
4,100000,315360000,0,100,14,8,80,32,0,350,5,24451,1124320.375,77
4,100000,315360000,0,100,14,8,80,32,0,600,36,38066,1124315.25,80
4,100000,315360000,0,100,14,8,80,32,0,450,9,30298,1124261.25,80
4,100000,315360000,0,100,14,8,80,32,0,500,20,32871,1124330.125,80
4,100000,315360000,0,100,10,8,80,32,0,0,0,0,803152,80
4,100000,315360000,0,100,14,8,80,32,0,350,2,24445,1124351.375,80
4,100000,315360000,0,100,14,8,80,32,0,150,0,0,1124443.875,80
4,100000,315360000,0,100,10,8,80,32,0,400,87,27410,803096.375,80
4,100000,315360000,0,100,100,100,3,1,4294967295,350,97,1041,12014.260000215823,3
4,100000,315360000,0,100,10,8,80,32,0,150,15,11354,803132.125,80
4,100000,315360000,0,100,100,100,3,1,4294967295,200,86,597,12008.300000215693,3
4,100000,315360000,0,100,14,8,80,32,0,100,0,0,1124396.375,80
4,100000,315360000,0,100,14,8,80,32,0,350,3,24375,1124382.75,80
4,100000,315360000,0,100,12,8,80,32,0,400,40,27324,963670.75,80
4,100000,315360000,0,100,14,8,80,32,0,950,98,53214,1124209.375,80
4,100000,315360000,0,100,14,8,80,32,0,50,0,0,1124393,80
4,100000,315360000,0,100,14,8,80,32,0,150,1,11324,1124432.625,80
4,100000,315360000,0,100,14,8,80,32,0,750,75,45156,1124246.375,80
4,100000,315360000,0,100,100,100,3,1,4294967295,200,89,599,12004.130000215602,3
4,100000,315360000,0,100,14,8,80,32,0,500,15,32954,1124326.625,77
4,100000,315360000,0,100,12,8,80,32,0,550,74,35579,963637.75,78
4,100000,315360000,0,100,10,8,80,32,0,700,100,43040,802993.125,79
4,100000,315360000,0,100,10,8,80,32,0,700,100,42962,802993.75,80
4,100000,315360000,0,100,10,8,80,32,0,550,96,35545,803095.25,80
4,100000,315360000,0,100,14,8,80,32,0,300,1,21345,1124339.5,80
4,100000,315360000,0,100,12,8,80,32,0,750,93,44988,963630.75,80
4,100000,315360000,0,100,12,8,80,32,0,100,0,0,963795.125,80
4,100000,315360000,0,100,12,8,80,32,0,150,1,11283,963789.125,80
4,100000,315360000,0,100,14,8,80,32,0,650,46,40449,1124260.125,80
4,100000,315360000,0,100,14,8,80,32,0,200,0,0,1124389.75,80
4,100000,315360000,0,100,10,8,80,32,0,400,84,27445,803087.875,80
4,100000,315360000,0,100,14,8,80,32,0,450,13,30180,1124326.25,80
4,100000,315360000,0,100,100,100,3,1,4294967295,350,96,1044,12009.180000215712,3
4,100000,315360000,0,100,14,8,80,32,0,600,36,38144,1124313.25,80
4,100000,315360000,0,100,12,8,80,32,0,100,0,0,963768.625,80
4,100000,315360000,0,100,100,100,3,1,4294967295,250,90,748,11995.140000215406,3
4,100000,315360000,0,100,12,8,80,32,0,100,0,0,963691.75,80
4,100000,315360000,0,100,14,8,80,32,0,400,6,27514,1124314.125,80
4,100000,315360000,0,100,12,8,80,32,0,900,100,51448,963600.125,80
4,100000,315360000,0,100,100,100,3,1,4294967295,400,98,1192,11978.190000215036,3
4,100000,315360000,0,100,10,8,80,32,0,700,100,42906,802979.875,80
4,100000,315360000,0,100,14,8,80,32,0,550,26,35660,1124293.625,80
4,100000,315360000,0,100,12,8,80,32,0,100,1,7670,963771.5,80
4,100000,315360000,0,100,14,8,80,32,0,200,0,0,1124367.5,80
4,100000,315360000,0,100,10,8,80,32,0,600,100,38122,803011.625,80
4,100000,315360000,0,100,14,8,80,32,0,850,87,49484,1124217.125,79
4,100000,315360000,0,100,14,8,80,32,0,450,17,30258,1124359.875,80
4,100000,315360000,0,100,10,8,80,32,0,450,89,30237,803051,80
4,100000,315360000,0,100,14,8,80,32,0,800,78,47343,1124209.25,80
4,100000,315360000,0,100,14,8,80,32,0,50,0,0,1124418.5,80
4,100000,315360000,0,100,14,8,80,32,0,900,92,51408,1124210.625,80
4,100000,315360000,0,100,14,8,80,32,0,50,0,0,1124404.625,80
4,100000,315360000,0,100,12,8,80,32,0,900,100,51278,963594.375,80
4,100000,315360000,0,100,14,8,80,32,0,800,78,47287,1124267.125,80
4,100000,315360000,0,100,14,8,80,32,0,400,8,27392,1124417.5,80
4,100000,315360000,0,100,10,8,80,32,0,400,83,27393,803083.875,80
4,100000,315360000,0,100,12,8,80,32,0,150,0,0,963772.5,80
4,100000,315360000,0,100,14,8,80,32,0,900,88,51362,1124198.5,79
4,100000,315360000,0,100,12,8,80,32,0,400,40,27442,963747.5,80
4,100000,315360000,0,100,12,8,80,32,0,400,40,27368,963658.25,80
4,100000,315360000,0,100,14,8,80,32,0,600,38,38294,1124289.125,79
4,100000,315360000,0,100,14,8,80,32,0,350,4,24433,1124373.75,80
4,100000,315360000,0,100,14,8,80,32,0,350,3,24509,1124407,80
4,100000,315360000,0,100,14,8,80,32,0,450,16,30291,1124347.125,80
4,100000,315360000,0,100,14,8,80,32,0,950,97,53271,1124213.625,79
4,100000,315360000,0,100,14,8,80,32,0,50,0,0,1124398,80
4,100000,315360000,0,100,10,8,80,32,0,600,100,38100,803007.75,75
4,100000,315360000,0,100,100,100,3,1,4294967295,300,96,892,12013.1900002158,3
4,100000,315360000,0,100,12,8,80,32,0,150,1,11302,963710,80
4,100000,315360000,0,100,14,8,80,32,0,900,94,51416,1124193.125,80
4,100000,315360000,0,100,12,8,80,32,0,550,72,35564,963678.75,80
4,100000,315360000,0,100,14,8,80,32,0,400,10,27442,1124331,80
4,100000,315360000,0,100,10,8,80,32,0,300,62,21365,803107.5,80
4,100000,315360000,0,100,14,8,80,32,0,100,0,0,1124431,80
4,100000,315360000,0,100,14,8,80,32,0,950,92,53187,1124197.625,80
4,100000,315360000,0,100,12,8,80,32,0,950,99,53157,963605.875,79
4,100000,315360000,0,100,14,8,80,32,0,450,10,30208,1124366,80
4,100000,315360000,0,100,10,8,80,32,0,50,2,3931,803109.25,80
4,100000,315360000,0,100,14,8,80,32,0,800,79,47249,1124284,80
4,100000,315360000,0,100,12,8,80,32,0,900,99,51432,963581.5,80
4,100000,315360000,0,100,14,8,80,32,0,250,0,0,1124379,80
4,100000,315360000,0,100,12,8,80,32,0,150,0,0,963726.875,80
4,100000,315360000,0,100,12,8,80,32,0,950,100,53247,963580.25,80
4,100000,315360000,0,100,12,8,80,32,0,950,100,53141,963559.875,80
4,100000,315360000,0,100,14,8,80,32,0,550,27,35631,1124260.875,80
4,100000,315360000,0,100,14,8,80,32,0,750,72,45258,1124237.5,78
4,100000,315360000,0,100,14,8,80,32,0,50,0,0,1124409.375,80
4,100000,315360000,0,100,14,8,80,32,0,500,18,32898,1124309.125,80
4,100000,315360000,0,100,12,8,80,32,0,850,100,49296,963648.5,80
4,100000,315360000,0,100,14,8,80,32,0,900,94,51354,1124290.25,80
4,100000,315360000,0,100,14,8,80,32,0,100,0,0,1124392.125,80
4,100000,315360000,0,100,14,8,80,32,0,750,66,45152,1124278.5,80
4,100000,315360000,0,100,100,100,3,1,4294967295,300,96,897,12001.960000215555,3
4,100000,315360000,0,100,14,8,80,32,0,300,3,21385,1124390.625,80
4,100000,315360000,0,100,14,8,80,32,0,850,86,49433,1124245.625,80
4,100000,315360000,0,100,14,8,80,32,0,800,80,47257,1124277.5,80
4,100000,315360000,0,100,10,8,80,32,0,400,79,27381,803041.125,80
4,100000,315360000,0,100,14,8,80,32,0,500,18,32939,1124220.25,77
4,100000,315360000,0,100,12,8,80,32,0,950,100,53113,963579.375,79
4,100000,315360000,0,100,14,8,80,32,0,400,11,27352,1124285.375,80
4,100000,315360000,0,100,14,8,80,32,0,600,39,38138,1124329.5,78
4,100000,315360000,0,100,12,8,80,32,0,950,100,52985,963587.75,79
4,100000,315360000,0,100,12,8,80,32,0,150,0,0,963751,80
4,100000,315360000,0,100,12,8,80,32,0,200,3,14784,963702.75,80
4,100000,315360000,0,100,14,8,80,32,0,200,1,14734,1124358.125,80
4,100000,315360000,0,100,14,8,80,32,0,50,0,0,1124413,80
4,100000,315360000,0,100,10,8,80,32,0,600,100,38151,803003.125,80
4,100000,315360000,0,100,14,8,80,32,0,800,78,47506,1124274.5,80
4,100000,315360000,0,100,14,8,80,32,0,200,0,0,1124405.375,80
4,100000,315360000,0,100,14,8,80,32,0,550,29,35607,1124293.125,80
4,100000,315360000,0,100,14,8,80,32,0,100,0,0,1124392.25,80
4,100000,315360000,0,100,14,8,80,32,0,950,96,53230,1124132.375,79
4,100000,315360000,0,100,14,8,80,32,0,750,70,45121,1124274.125,80
4,100000,315360000,0,100,14,8,80,32,0,700,59,42798,1124286.75,80
4,100000,315360000,0,100,14,8,80,32,0,750,68,45096,1124218.125,80
4,100000,315360000,0,100,12,8,80,32,0,950,100,53208,963606.875,80
4,100000,315360000,0,100,14,8,80,32,0,400,6,27348,1124358,80
4,100000,315360000,0,100,14,8,80,32,0,650,55,40507,1124233.625,79
4,100000,315360000,0,100,14,8,80,32,0,150,0,0,1124381.5,80
4,100000,315360000,0,100,14,8,80,32,0,650,47,40544,1124296,80
4,100000,315360000,0,100,14,8,80,32,0,650,48,40533,1124308.875,80
4,100000,315360000,0,100,12,8,80,32,0,750,98,44992,963612.125,80
4,100000,315360000,0,100,12,8,80,32,0,150,1,11321,963718,80
4,100000,315360000,0,100,100,100,3,1,4294967295,400,100,1191,11995.860000215422,3
4,100000,315360000,0,100,14,8,80,32,0,700,59,42922,1124274.875,80
4,100000,315360000,0,100,14,8,80,32,0,950,97,53117,1124260.25,80
4,100000,315360000,0,100,14,8,80,32,0,700,60,42939,1124339,80
4,100000,315360000,0,100,14,8,80,32,0,900,93,51418,1124259.125,80
4,100000,315360000,0,100,14,8,80,32,0,850,86,49360,1124272.125,77
4,100000,315360000,0,100,12,8,80,32,0,900,100,51237,963562.25,80
4,100000,315360000,0,100,14,8,80,32,0,700,60,42942,1124232.625,80
4,100000,315360000,0,100,14,8,80,32,0,800,80,47409,1124256.125,80
4,100000,315360000,0,100,14,8,80,32,0,250,0,0,1124351.625,80
4,100000,315360000,0,100,14,8,80,32,0,700,63,42924,1124295.125,80
4,100000,315360000,0,100,14,8,80,32,0,400,10,27467,1124339,80
4,100000,315360000,0,100,12,8,80,32,0,900,99,51209,963566.5,79
4,100000,315360000,0,100,100,100,3,1,4294967295,400,100,1189,12018.050000215906,3
4,100000,315360000,0,100,12,8,80,32,0,400,40,27357,963684.5,79
4,100000,315360000,0,100,14,8,80,32,0,250,0,0,1124381.125,80
4,100000,315360000,0,100,14,8,80,32,0,200,0,0,1124390,80
4,100000,315360000,0,100,14,8,80,32,0,850,86,49387,1124255.375,79
4,100000,315360000,0,100,14,8,80,32,0,250,1,18160,1124352.125,80
4,100000,315360000,0,100,14,8,80,32,0,250,1,18129,1124374.5,80
4,100000,315360000,0,100,100,100,3,1,4294967295,400,99,1194,11995.690000215418,3
4,100000,315360000,0,100,12,8,80,32,0,950,100,53238,963576.875,80
4,100000,315360000,0,100,12,8,80,32,0,400,37,27498,963724.75,80
4,100000,315360000,0,100,14,8,80,32,0,800,81,47382,1124260.25,80
4,100000,315360000,0,100,12,8,80,32,0,950,100,53147,963618.625,80
4,100000,315360000,0,100,14,8,80,32,0,300,2,21317,1124337.75,80
4,100000,315360000,0,100,100,100,3,1,4294967295,400,98,1189,11965.290000214754,3
4,100000,315360000,0,100,12,8,80,32,0,900,100,51231,963553.125,80
4,100000,315360000,0,100,12,8,80,32,0,200,4,14771,963749.5,80
4,100000,315360000,0,100,14,8,80,32,0,650,55,40546,1124298,80
4,100000,315360000,0,100,12,8,80,32,0,400,37,27475,963650.875,80
4,100000,315360000,0,100,14,8,80,32,0,700,66,42886,1124236.375,80
4,100000,315360000,0,100,14,8,80,32,0,750,69,45256,1124228,80
4,100000,315360000,0,100,14,8,80,32,0,700,63,42911,1124314.75,80
4,100000,315360000,0,100,14,8,80,32,0,250,0,0,1124432,80
4,100000,315360000,0,100,14,8,80,32,0,450,12,30226,1124273.375,79
4,100000,315360000,0,100,10,8,80,32,0,600,100,38218,803013.375,80
4,100000,315360000,0,100,12,8,80,32,0,400,40,27370,963685.375,80
4,100000,315360000,0,100,10,8,80,32,0,300,62,21375,803064.125,80
4,100000,315360000,0,100,100,100,3,1,4294967295,450,99,1343,12011.490000215763,3
4,100000,315360000,0,100,14,8,80,32,0,600,41,38124,1124285.75,80
4,100000,315360000,0,100,12,8,80,32,0,950,100,53204,963531.25,80
4,100000,315360000,0,100,100,100,3,1,4294967295,450,100,1342,12000.570000215524,3
4,100000,315360000,0,100,14,8,80,32,0,650,52,40471,1124282.875,80
4,100000,315360000,0,100,14,8,80,32,0,300,1,21316,1124387.25,80
4,100000,315360000,0,100,14,8,80,32,0,950,98,53252,1124198.625,80
4,100000,315360000,0,100,12,8,80,32,0,800,99,47276,963668,79
4,100000,315360000,0,100,14,8,80,32,0,700,60,42795,1124287.375,80
4,100000,315360000,0,100,12,8,80,32,0,200,3,14758,963741.75,80
4,100000,315360000,0,100,12,8,80,32,0,900,99,51434,963624.875,79
4,100000,315360000,0,100,14,8,80,32,0,700,63,42826,1124267.875,80
4,100000,315360000,0,100,100,100,3,1,4294967295,450,99,1344,12010.280000215736,3
4,100000,315360000,0,100,100,100,3,1,4294967295,450,99,1338,11995.740000215419,3
4,100000,315360000,0,100,12,8,80,32,0,750,94,45085,963628.875,80
4,100000,315360000,0,100,12,8,80,32,0,800,99,47443,963629.875,80
4,100000,315360000,0,100,14,8,80,32,0,100,0,0,1124329.625,80
4,100000,315360000,0,100,100,100,3,1,4294967295,450,98,1340,11991.570000215328,3
4,100000,315360000,0,100,100,100,3,1,4294967295,450,99,1343,12020.94000021597,3
4,100000,315360000,0,100,100,100,3,1,4294967295,450,98,1346,12011.020000215753,3
4,100000,315360000,0,100,100,100,3,1,4294967295,400,99,1196,11994.290000215387,3
4,100000,315360000,0,100,100,100,3,1,4294967295,450,100,1343,12008.380000215695,3
4,100000,315360000,0,100,12,8,80,32,0,400,38,27382,963751.375,80
4,100000,315360000,0,100,12,8,80,32,0,800,98,47320,963587,80
4,100000,315360000,0,100,14,8,80,32,0,850,85,49432,1124231.25,72
4,100000,315360000,0,100,14,8,80,32,0,150,0,0,1124404,80
4,100000,315360000,0,100,14,8,80,32,0,150,0,0,1124386.125,80
4,100000,315360000,0,100,100,100,3,1,4294967295,450,98,1344,12021.350000215978,3
4,100000,315360000,0,100,12,8,80,32,0,450,54,30174,963769.5,80
4,100000,315360000,0,100,12,8,80,32,0,800,99,47359,963606.75,80
4,100000,315360000,0,100,12,8,80,32,0,800,97,47437,963593.25,79
4,100000,315360000,0,100,100,100,3,1,4294967295,450,98,1344,12006.620000215657,3
4,100000,315360000,0,100,14,8,80,32,0,650,48,40566,1124258.875,80
4,100000,315360000,0,100,14,8,80,32,0,800,79,47186,1124274.625,80
4,100000,315360000,0,100,12,8,80,32,0,800,99,47344,963663,80
4,100000,315360000,0,100,12,8,80,32,0,950,100,53134,963617.875,80
4,100000,315360000,0,100,12,8,80,32,0,200,3,14846,963732.125,80
4,100000,315360000,0,100,14,8,80,32,0,650,54,40642,1124311.375,80
4,100000,315360000,0,100,12,8,80,32,0,750,96,45078,963643.625,80
4,100000,315360000,0,100,14,8,80,32,0,700,61,42950,1124266.875,80
4,100000,315360000,0,100,12,8,80,32,0,800,99,47204,963576.25,80
4,100000,315360000,0,100,14,8,80,32,0,600,35,38024,1124271.375,80
4,100000,315360000,0,100,14,8,80,32,0,850,82,49402,1124227.25,80
4,100000,315360000,0,100,12,8,80,32,0,750,95,45188,963611,79
4,100000,315360000,0,100,12,8,80,32,0,850,100,49339,963583.875,80
4,100000,315360000,0,100,100,100,3,1,4294967295,400,96,1193,12002.820000215574,3
4,100000,315360000,0,100,100,100,3,1,4294967295,400,99,1192,12007.920000215685,3
4,100000,315360000,0,100,12,8,80,32,0,450,46,30251,963683,80
4,100000,315360000,0,100,12,8,80,32,0,200,2,14767,963761.125,80
4,100000,315360000,0,100,12,8,80,32,0,900,100,51409,963613.125,80
4,100000,315360000,0,100,12,8,80,32,0,450,47,30111,963692.5,80
4,100000,315360000,0,100,12,8,80,32,0,200,6,14847,963750.5,80
4,100000,315360000,0,100,12,8,80,32,0,200,1,14842,963752.5,80
4,100000,315360000,0,100,14,8,80,32,0,850,87,49349,1124233,78
4,100000,315360000,0,100,12,8,80,32,0,800,96,47278,963668.625,79
4,100000,315360000,0,100,12,8,80,32,0,850,100,49303,963627.75,80
4,100000,315360000,0,100,100,100,3,1,4294967295,400,99,1196,12013.530000215807,3
4,100000,315360000,0,100,12,8,80,32,0,450,50,30223,963745,80
4,100000,315360000,0,100,12,8,80,32,0,450,49,30191,963690.25,80
4,100000,315360000,0,100,12,8,80,32,0,850,100,49387,963622.875,80
4,100000,315360000,0,100,12,8,80,32,0,400,40,27333,963687.5,80
4,100000,315360000,0,100,14,8,80,32,0,950,95,53334,1124191.75,80
4,100000,315360000,0,100,12,8,80,32,0,800,98,47229,963611.875,80
4,100000,315360000,0,100,14,8,80,32,0,950,95,53169,1124215.125,80
4,100000,315360000,0,100,12,8,80,32,0,850,100,49350,963541,80
4,100000,315360000,0,100,12,8,80,32,0,200,4,14773,963739.875,80
4,100000,315360000,0,100,12,8,80,32,0,450,51,30163,963687.75,80
4,100000,315360000,0,100,12,8,80,32,0,800,98,47310,963538.75,79
4,100000,315360000,0,100,12,8,80,32,0,200,3,14854,963810.125,80
4,100000,315360000,0,100,14,8,80,32,0,850,93,49428,1124258.75,80
4,100000,315360000,0,100,12,8,80,32,0,200,5,14801,963737.625,80
4,100000,315360000,0,100,12,8,80,32,0,450,50,30199,963680,80
4,100000,315360000,0,100,12,8,80,32,0,850,99,49284,963595.5,77
4,100000,315360000,0,100,12,8,80,32,0,450,48,30145,963680.75,80
4,100000,315360000,0,100,12,8,80,32,0,450,49,30327,963662.5,80
4,100000,315360000,0,100,12,8,80,32,0,450,47,30357,963741.25,80
